date,tx_index,exchange_rate,s&p500,dealer,trust,foreign_inverstors,overnight_rate
20170601,10087.41992,30.117,243.3600006,985364527,-390609976,5727572885,0.181
20170602,10152.53027,30.117,244.1699982,1397958999,71845590,10027578707,0.181
20170603,0,30.127,0,912264391,-663580640,377603779,0.18
20170605,10226.83984,30.09,243.9900055,1333054027,-440151826,8686008757,0.177
20170606,10206.17969,30.093,243.2100067,-1065736393,-435727950,304031161,0.179
20170607,10209.99023,30.095,243.6600037,89892019,-521801767,4170074298,0.181
20170608,10225.78027,30.105,243.7799988,-85118748,-225664925,4689686007,0.179
20170609,10199.65039,30.108,243.4100037,37172559,-790199050,-7507340487,0.18
20170612,10109.95996,30.176,243.3600006,1284259430,-392815053,-26753008097,0.188
20170613,10128.15039,30.227,244.5500031,217071864,-269840443,-16821796331,0.184
20170614,10072.45996,30.23,244.2400055,-2468910985,-440740323,-7106060196,0.184
20170615,10088.34961,30.247,243.7700043,-127852117,-560984020,-101419119,0.183
20170616,10156.73047,30.381,242.6399994,819460583,-497179961,5958726516,0.186
20170619,10250.59961,30.361,244.6600037,1626657512,614700622,7261093140,0.183
20170620,10324.45996,30.401,243.0099945,-346583829,275770597,2736126992,0.186
20170621,10349.71973,30.471,242.9499969,2653415542,185443381,7757892855,0.183
20170622,10399.05957,30.442,242.8399963,2939857058,43985437,8720005929,0.181
20170623,10377.7002,30.4,243.1300049,1233970056,-277757234,-4897905370,0.186
20170626,10513.95996,30.335,243.2899933,1558809757,49503257,35895620418,0.185
20170627,10512.05957,30.341,241.3300018,2878443678,-462307660,2635634886,0.187
20170628,10390.54981,30.438,243.4900055,863641718,-697160846,-2417529732,0.185
20170629,10421.65039,30.37,241.3500061,-493842321,-699254078,6986846423,0.188
20170630,10395.07031,30.436,241.8000031,770317914,-1755255359,-183547953,0.191
20170703,10412.79004,30.428,242.2100067,436408091,-496983850,-710293045,0.185
20170704,10347.78027,30.528,0,-144690248,-545152923,-9481404081,0.181
20170705,10404.79004,30.509,242.7700043,2803985603,-415722365,-2063045520,0.178
20170706,10368.2002,30.601,240.5500031,-135167563,-118793614,-253147045,0.179
20170707,10297.25,30.61,242.1100006,-1148095743,-825635749,-14465485142,0.179
20170710,10289.91016,30.585,242.3699951,554120955,-183871200,-3914189981,0.18
20170711,10415.57031,30.593,242.1900024,1741909542,-174825005,23958039929,0.182
20170712,10420.67969,30.49,244.0099945,1815096494,904389875,8886876101,0.186
20170713,10460.15039,30.385,244.4199982,-2128246817,-215283002,-458055277,0.183
20170714,10443.91016,30.417,245.5599976,-58168436,-179729574,-4442966348,0.186
20170717,10457.54004,30.419,245.5299988,1221399251,-384723851,2990228534,0.186
20170718,10481.25977,30.37,245.6600037,-942323604,-769700780,428668530,0.187
20170719,10506.09961,30.397,246.9900055,-1126074528,20910175,7292836855,0.187
20170720,10499.36035,30.457,247.1000061,-365138968,-1011878870,-3803152034,0.187
20170721,10436.7002,30.451,246.8800049,971543498,-862190623,-9478621063,0.188
20170724,10461.28027,30.359,246.8200073,693035054,-748201926,2397550014,0.183
20170725,10463.15039,30.36,247.4199982,776091311,-375403220,1317222759,0.186
20170726,10419.11035,30.402,247.4299927,-1436041630,-321496543,-6695222609,0.185
20170727,10508.37012,30.252,247.1999969,706776788,-777693796,9881617214,0.186
20170728,10423.04981,30.302,246.9100037,-1592241479,-610736634,-14878656651,0.186
20170731,10427.33008,30.227,246.7700043,328290272,-467647894,-2563974644,0.187
20170801,10437.29004,30.256,247.3200073,2294198163,-617515230,2252650549,0.188
20170802,10519.26953,30.252,247.4400024,208237051,-50082784,17554940787,0.185
20170803,10469.87988,30.227,246.9600067,-1074733705,-1138141460,-13454515531,0.184
20170804,10506.55957,30.22,247.4100037,-53823387,257531418,-3686786339,0.181
20170807,10579.37988,30.234,247.8699951,1193824707,739709095,887441168,0.178
20170808,10568.96973,30.201,247.2599945,-1643279219,67965604,-2942032175,0.178
20170809,10470.37988,30.218,247.25,-2550685193,-357350988,-16810464983,0.179
20170810,10329.74023,30.309,243.7599945,-2884919341,-416506830,-758830627,0.177
20170811,10329.57031,30.358,244.1199951,761940040,-589382040,-17997287400,0.18
20170814,10225.28027,30.302,246.5399933,-2939659653,-538922760,-7326806413,0.18
20170815,10311.16016,30.317,246.5099945,-642627792,301147024,3650318488,0.184
20170816,10290.38965,30.365,246.9400024,-1176235519,878208679,-9431592482,0.179
20170817,10369.37012,30.312,243.0899963,675573796,257503770,7225370058,0.177
20170818,10321.33008,30.332,242.7100067,-184263042,-166332717,-9960268241,0.18
20170821,10326.38965,30.328,242.8999939,531186554,49726006,-4519275286,0.182
20170822,10392.07031,30.3,245.4400024,1599548788,461844410,9959069526,0.18
20170823,10406.80957,30.29,244.5599976,-2228044168,579902890,-651754670,0.178
20170824,10488.95996,30.265,243.9900055,1280566915,-14086938,16914860737,0.178
20170825,10515.50977,30.25,244.5599976,1373989810,307874328,13468472356,0.174
20170828,10525.98047,30.162,244.5700073,822725433,-63819366,-2677324157,0.174
20170829,10496.57031,30.2,244.8500061,-1105579191,-120081729,-9664075462,0.176
20170830,10569.40039,30.156,246.0099945,-1013941450,-78956660,5446894560,0.176
20170831,10585.78027,30.203,247.4900055,-921278273,-1134025132,663147075,0.179
20170901,10594.82031,30.156,247.8399963,915759369,-589369181,2097671634,0.178
20170904,10569.87012,30.101,0,105655091,-496169541,-3870085676,0.18
20170905,10617.83984,30.07,246.0599976,455054831,-447423837,-622373640,0.183
20170906,10547.86035,30.105,246.8999939,-2489353234,-815782607,-11472916019,0.179
20170907,10538.50977,30.062,246.8699951,-820412562,-1224896874,-6987472044,0.184
20170908,10609.9502,30.006,246.5800018,604929510,-838687271,6906959191,0.183
20170911,10572.16016,30.026,249.2100067,-1777337097,-267676756,-9241729615,0.184
20170912,10610.34961,30.03,250.0500031,337832181,-118925724,-6112421873,0.186
20170913,10532.87988,30.056,250.1699982,-1065332325,-422144605,-19758408978,0.182
20170914,10553.57031,30.106,250.0899963,804778535,-208964532,-4527513789,0.182
20170915,10580.41016,30.075,249.1900024,176230414,349124107,-1196732491,0.183
20170918,10631.57031,30.108,249.7200012,1771949163,548964225,8320822198,0.182
20170919,10576.13965,30.137,249.9700012,-2583212879,155981675,-14470800890,0.186
20170920,10519.16992,30.132,250.0599976,-4149104557,-586860896,-12526812831,0.183
20170921,10578.44043,30.208,249.3899994,2020602932,-557546553,-9040167577,0.182
20170922,10449.67969,30.191,249.4400024,-3260426460,-492877682,-20693198922,0.183
20170925,10335.88965,30.172,248.9299927,-1096420570,-1308826844,-10775923664,0.187
20170926,10257.01953,30.216,249.0800018,-407719630,1314809514,-15478818876,0.189
20170927,10326.67969,30.303,250.0500031,857027847,592561886,-2673269929,0.19
20170928,10296.4502,30.405,250.3500061,-429748503,209330561,-16768090490,0.19
20170929,10329.94043,30.336,251.2299957,-285593104,-628648586,8035903090,0.189
20170930,0,30.305,0,1445108745,364443350,2453179233,0.189
20171002,10465.16016,30.413,252.3200073,1744807874,168393250,4299362988,0.189
20171003,10469.34961,30.45,252.8600006,-48549756,162122109,-7631178413,0.184
20171005,10518.26953,30.35,254.6600037,1362311150,-212478270,8530975390,0.181
20171006,10532.80957,30.376,254.3699951,-301429534,-59320123,5693635443,0.186
20171011,10641.19043,30.232,255.0200043,-782670540,452295194,18732702110,0.182
20171012,10711.44043,30.213,254.6399994,1097349628,209647268,13875525548,0.186
20171013,10724.08984,30.185,254.9499969,829674556,418789644,6538564766,0.188
20171016,10774.20996,30.158,255.2899933,978104346,274136726,11131677930,0.183
20171017,10723.15039,30.205,255.4700012,-1856772691,201607839,-977331594,0.185
20171018,10720.28027,30.2,255.7200012,-1989280350,-286914967,4742686171,0.181
20171019,10760.29004,30.23,255.7899933,3361371190,-301952766,14061818266,0.178
20171020,10728.87988,30.241,257.1099854,1007298272,261663656,7798710710,0.179
20171023,10735.20996,30.262,256.1099854,436380933,-5623672,2002632791,0.182
20171024,10743.78027,30.27,256.5599976,1887514365,-210468900,3200369063,0.18
20171025,10750.57031,30.266,255.2899933,235493988,5566650,1055441564,0.175
20171026,10734.75977,30.229,255.6199951,2094110905,30038768,4406214469,0.177
20171027,10709.11035,30.277,257.7099915,-2585179092,516003257,-4129978437,0.177
20171030,10756.87012,30.205,256.75,998753785,221961836,8097311197,0.18
20171031,10793.79981,30.17,257.1499939,2479948317,-141602329,-550274074,0.178
20171101,10806.36035,30.175,257.4899902,839751323,216171398,-2162019473,0.175
20171102,10788.50977,30.186,257.5899963,50247545,-302792931,-2573314230,0.171
20171103,10800.76953,30.172,258.4500122,1247484600,22596395,528458495,0.171
20171106,10786.19043,30.204,258.8500061,-38475080,556811780,-5528788840,0.172
20171107,10840.33984,30.17,258.6700134,1554762294,-271954712,2391284180,0.175
20171108,10818.99023,30.187,259.1099854,424674453,-27960283,-6231646664,0.171
20171109,10743.26953,30.18,258.1700134,-3363244213,-597982007,-10243893218,0.174
20171110,10732.66992,30.172,258.0899963,248123909,-983132733,-4250885758,0.178
20171113,10683.91992,30.19,258.3299866,-867038648,-199219661,4741019007,0.173
20171114,10687.17969,30.18,257.730011,-51374044,-98495506,1334126466,0.178
20171115,10630.65039,30.15,256.4400024,-1729463685,292738545,-27768204088,0.179
20171116,10625.04004,30.158,258.6199951,1864216710,35077236,-1809286002,0.178
20171117,10701.63965,30.101,257.8599854,1425314778,409762964,6912820834,0.183
20171120,10664.54981,30.102,258.2999878,565641455,-355798179,-4522220690,0.179
20171121,10779.24023,30.06,259.9899902,4527394856,-227175003,19613444295,0.18
20171122,10822.58984,30.02,259.7600098,1763904257,1296821851,19984799546,0.177
20171123,10854.57031,30.007,0,333825123,-66820360,3767675485,0.176
20171124,10854.08984,30.01,260.3599854,-926351656,-210353500,-7255888846,0.179
20171127,10750.92969,30.006,260.230011,-1914262069,-621094498,-19112434289,0.18
20171128,10707.07031,30.001,262.8699951,-341294431,-1461527255,-18982102682,0.176
20171129,10713.54981,29.99,262.7099915,-234653136,-205774190,-13801572656,0.181
20171130,10560.44043,30.01,265.0100098,-1376751220,-1619420468,-30367273294,0.182
20171201,10600.37012,30.028,264.4599915,-3127216070,-801316049,-19303391411,0.179
20171204,10651.11035,30.036,264.1400146,-302239520,-943266951,-4077832645,0.174
20171205,10566.84961,29.993,263.1900024,-2125257358,-1356887237,-4618639451,0.173
20171206,10393.91992,30.01,263.2399902,-3236881783,-490168784,-25802465587,0.177
20171207,10355.75977,30.025,264.0700073,-1275536302,-859505675,-15646665995,0.177
20171208,10398.62012,30.015,265.5100098,221827238,14663055,-4500675867,0.175
20171211,10473.08984,30.018,266.3099976,1996980182,587081918,-4966285966,0.175
20171212,10443.28027,30.018,266.7799988,-1481897107,497385830,-10806491723,0.178
20171213,10470.7002,30.026,266.75,-151164284,209930332,-2417082800,0.181
20171214,10538.00977,30.006,265.6600037,-471230182,244782666,5729054912,0.18
20171215,10491.44043,29.992,266.5100098,-2990105028,-146756178,-11697755326,0.182
20171218,10506.51953,30.006,268.2000122,-178837230,1015915590,584757094,0.176
20171219,10467.33984,29.99,267.1700134,830527660,771833227,-9043955037,0.178
20171220,10504.51953,29.99,267.0299988,427393268,69393252,347786866,0.179
20171221,10488.96973,29.988,267.5799866,919752051,281079131,-3715576398,0.176
20171222,10537.26953,29.968,267.5100098,-418483504,194603647,2242719421,0.181
20171225,10522.49023,29.968,0,-708986660,-113645473,500453013,0.179
20171226,10421.91016,29.945,267.1900024,-3244529010,-631996086,-8913975888,0.18
20171227,10486.66992,29.94,267.3200073,351044708,-17188199,5485542007,0.183
20171228,10567.63965,29.84,267.8699951,500102367,393587690,13898089643,0.182
20171229,10642.86035,29.848,266.8599854,229829373,720530613,14071631496,0.184
20180102,10710.73047,29.628,268.769989,2977531355,-74245611,20199775978,0.182
20180103,10801.57031,29.6,270.4700012,3186212035,999578570,11637315317,0.176
20180104,10848.62988,29.59,271.6099854,1837874109,-141653974,12644740161,0.177
20180105,10879.79981,29.523,273.4200134,1635745445,-334919686,8261360537,0.175
20180108,10915.75,29.523,273.9200134,-13328966,934560469,10940267509,0.175
20180109,10914.88965,29.536,274.5400085,232345291,476122297,-1534429094,0.18
20180110,10831.08984,29.601,274.1199951,103542032,526507075,-5811868119,0.182
20180111,10810.05957,29.605,276.1199951,-776314058,286833445,-3715871589,0.18
20180112,10883.95996,29.6,277.9200134,2020063568,411612338,2069658786,0.179
20180115,10956.30957,29.542,0,3077311885,375150905,8305176304,0.18
20180116,10986.11035,29.555,276.9700012,2062263661,466621457,9889785950,0.181
20180117,11004.79981,29.56,279.6099854,-223800768,-30256355,21898818931,0.178
20180118,11071.57031,29.562,279.1400146,321547976,-1062916737,16603656595,0.177
20180119,11150.84961,29.43,280.4100037,715245490,-870471694,17079484436,0.183
20180122,11231.45996,29.432,282.6900024,72218999,-377002269,4805213658,0.179
20180123,11253.11035,29.402,283.2900085,365688241,-343119387,10348189224,0.179
20180124,11152.16016,29.302,283.1799927,545297205,-551457011,7040247856,0.181
20180125,11165.9502,29.069,283.2999878,-2256948570,-149495537,9222023135,0.183
20180126,11147.09961,29.101,286.5799866,611397955,-1914861281,2967761230,0.184
20180129,11221.80957,29.15,284.6799927,-325533950,401188432,4100726404,0.184
20180130,11076.78027,29.24,281.7600098,-2037498730,127700459,-7202532207,0.185
20180131,11103.79004,29.15,281.8999939,3030747584,-421710015,7626936665,0.186
20180201,11160.25,29.207,281.5799866,-113046559,-175329912,2468392723,0.187
20180202,11126.23047,29.235,275.4500122,-444172851,-311314662,-1636245453,0.182
20180205,10946.25,29.307,263.9299927,-1996142687,-450250074,-19134304035,0.183
20180206,10404,29.386,269.1300049,-2269216788,-832247782,-65772970568,0.181
20180207,10551.54004,29.27,267.6700134,-2385520736,1888782441,-33778877483,0.18
20180208,10528.51953,29.39,257.6300049,-2952255486,-677582417,-20488873659,0.184
20180209,10371.75,29.407,261.5,47323135,-370272829,-37881275376,0.18
20180212,10421.08984,29.4,265.3399963,-781962645,293698282,-39242301631,0.177
20180221,10714.44043,29.245,270.0499878,1711046503,406891598,20545186325,0.176
20180222,10662.37988,29.301,270.3999939,-390346266,16901748,-14139816246,0.18
20180223,10794.54981,29.306,274.7099915,576738458,698012988,5522944356,0.182
20180226,10836.7002,29.235,277.8999939,-1249232,783389279,1312441657,0.185
20180227,10815.46973,29.23,274.4299927,-2162357411,528322846,-5817806667,0.184
20180301,10785.79004,29.318,267.7000122,-1294383395,-226238284,-7280498201,0.181
20180302,10698.16992,29.29,269.0799866,-220902725,69037419,-31304447948,0.181
20180305,10642.90039,29.292,272.1900024,-2105432270,-194815655,-22726470715,0.184
20180306,10784.33984,29.287,272.8800049,-680832019,-237592236,6544335541,0.179
20180307,10745.32031,29.254,272.7799988,356170969,434020542,-470706561,0.177
20180308,10823.24023,29.261,274.1000061,977255692,-259007415,-1185532997,0.181
20180309,10864.82031,29.3,278.8699951,1337646268,274842930,-2348495402,0.182
20180312,11002.09961,29.28,278.519989,1414434137,250640550,26407421991,0.177
20180313,11095.62988,29.252,276.7200012,-286637591,-175829824,14906971733,0.179
20180314,11038.79981,29.257,275.2999878,-750783530,-236947959,-17625354367,0.179
20180315,11018.4502,29.2,275,-814899020,-710077744,-5639233000,0.18
20180316,11027.7002,29.231,274.2000122,-1225285193,-64631503,1838374118,0.18
20180319,11046.90039,29.201,270.4899902,-832348875,-304351300,3429126549,0.18
20180320,11010.83984,29.175,270.9500122,-168970112,-631479458,-456508694,0.179
20180321,11011.07031,29.189,270.4299927,1227971064,193207669,179320761,0.18
20180322,11005.83984,29.153,263.6700134,-4992787538,132039283,1423896225,0.177
20180323,10823.33008,29.17,258.0499878,-4776138587,-768696810,-18071488809,0.181
20180326,10840.04981,29.153,265.1099854,-2040291302,-779553151,-20632169637,0.179
20180327,10986.79004,29.135,260.6000061,-1069858448,-314013815,3700810785,0.183
20180328,10865.66016,29.163,259.8299866,-5311791469,-515339923,-24666981780,0.179
20180329,10845.91992,29.165,263.1499939,-628229783,-526828380,-26166471269,0.178
20180330,10906.21973,29.12,0,276767824,-451886027,3738742155,0.178
20180331,0,29.12,0,-269764461,-44465738,-443357865,0.179
20180402,10888.26953,29.142,257.4700012,-1119183734,-273815580,-5611886294,0.183
20180403,10821.53027,29.148,260.769989,-989144960,-764200900,-19559103322,0.178
20180409,10893.53027,29.209,261,72624999,-21971204,-1875012113,0.176
20180410,10927.17969,29.19,265.1499939,917778594,-105715333,4308455875,0.179
20180411,10974.01953,29.201,263.7600098,1586069137,66357131,446579958,0.183
20180412,10955.29004,29.26,265.9299927,-643362664,228158660,-13477823854,0.181
20180413,10965.38965,29.302,265.1499939,272122248,941672858,-3251370980,0.186
20180416,10954.54981,29.425,267.3299866,-2764237520,364009130,-7998160780,0.188
20180417,10810.4502,29.362,270.1900024,-3054808437,-117807810,-21595497845,0.189
20180418,10847.88965,29.366,270.3900146,-2227225003,622069230,-5134571241,0.186
20180419,10971.21973,29.34,268.8900146,1588819828,484400364,13612301886,0.189
20180420,10779.37988,29.407,266.6099854,-834736977,-622279436,-43103098565,0.187
20180423,10697.12988,29.528,266.5700073,-1125722134,-361246717,-25962175791,0.186
20180424,10579.5,29.616,262.980011,1507630831,-233006878,-14250474403,0.184
20180425,10559.96973,29.66,263.6300049,607599344,-592837823,-14857942705,0.183
20180426,10488.58008,29.705,266.3099976,-3734247975,433255096,-13964304361,0.182
20180427,10553.42969,29.636,266.5599976,-1639359108,80635711,-3135080703,0.188
20180430,10657.87988,29.605,264.5100098,2195000802,784379900,2968459428,0.187
20180502,10618.80957,29.758,263.2000122,-2000070350,477422825,-13647586325,0.183
20180503,10514.17969,29.742,262.6199951,-1038798480,-130532,-22646176404,0.182
20180504,10529.37012,29.716,266.019989,-260507723,-113570951,-6951353852,0.18
20180507,10604.91016,29.763,266.9200134,742196525,585053127,-3666373752,0.179
20180508,10691.37988,29.783,266.9200134,1179822941,156676315,642946630,0.184
20180509,10703.34961,29.928,269.5,-497204414,133196818,908995374,0.183
20180510,10760.20996,29.872,272.019989,-1018101896,414052519,4850196671,0.186
20180511,10858.98047,29.773,272.8500061,-363727714,-318135210,17038156590,0.182
20180514,10952.38965,29.742,272.980011,1102365516,-31719368,18223744454,0.183
20180515,10874.73047,29.848,271.1000061,-993362645,-161999718,-2981432401,0.185
20180516,10897.57031,29.892,272.2399902,-1293119504,-771653663,-1393126885,0.189
20180517,10833.80957,29.906,272.0100098,-835554220,-226088238,-7656906808,0.187
20180518,10830.83984,29.912,271.3299866,-64227656,-954588194,544144416,0.188
20180521,10966.2002,29.992,273.3699951,571878180,-371119310,6374318914,0.188
20180522,10938.73047,29.922,272.6099854,-1172186847,440498748,-2962419491,0.192
20180523,10886.17969,29.96,273.3599854,-2093658977,-251561738,-6734688553,0.189
20180524,10936.92969,29.93,272.7999878,44783433,-412804302,-43524185,0.191
20180525,10942.29981,29.945,272.1499939,497916672,-214390349,-1331525187,0.191
20180528,10987.76953,29.928,0,-512295918,-474349889,2568589373,0.19
20180529,10964.12012,29.988,269.019989,-1699356795,108587670,-12625619391,0.19
20180530,10821.16992,30.05,272.6099854,-1236485158,-1065858966,-33215209070,0.191
20180531,10874.95996,29.98,270.9400024,8085628,-784436359,-6525640149,0.19
20180601,10949.08008,29.864,273.6000061,1306444249,160963201,6156756992,0.191
20180604,11109.5,29.82,274.8999939,2221730585,732069169,18306221120,0.191
20180605,11100.11035,29.815,275.1000061,884832596,2774110,5488402782,0.188
20180606,11201.83008,29.738,277.3999939,2528619854,598335654,24085421218,0.191
20180607,11251.75,29.74,277.3699951,360040326,668751415,11641586597,0.193
20180608,11156.41992,29.816,278.1900024,-2544788446,139042784,-9745276030,0.193
20180611,11149.23047,29.821,278.5599976,908801597,-361442760,1630284491,0.193
20180612,11144.79004,29.86,278.9200134,385076346,289084752,-6236287392,0.191
20180613,11173.20996,29.89,278.0299988,598028955,-1338055389,-652924042,0.192
20180614,11013.98047,29.938,278.730011,-1394706668,-872622971,-31118005927,0.197
20180615,11087.46973,30.002,277.1300049,748035883,-33061587,-17703013312,0.193
20180619,10904.19043,30.186,275.5,-1663642007,431976598,-43942934601,0.192
20180620,10927.44043,30.17,275.9700012,-40497463,-473435267,-15899881514,0.189
20180621,10941.07031,30.302,274.2399902,983517659,394009251,-16762377762,0.188
20180622,10899.28027,30.307,274.7399902,-892457273,-194424500,-20942514973,0.191
20180625,10786.45996,30.403,271,-1686270986,-242475519,-19527241883,0.19
20180626,10742.16992,30.412,271.6000061,-324046621,-219147389,-12887848554,0.192
20180627,10701.03027,30.454,269.3500061,-916756579,145688970,-25209989993,0.192
20180628,10654.28027,30.586,270.8900146,-300356338,-7619225,-16673898545,0.193
20180629,10836.91016,30.5,271.2799988,960166082,112628210,5386659644,0.195
20180702,10777.94043,30.523,271.8599854,-767691797,840617287,-16916635356,0.187
20180703,10715.71973,30.586,270.8999939,-1880063614,-321601495,-18658943777,0.185
20180704,10721.87012,30.501,0,700447422,-380546324,3764941838,0.188
20180705,10611.80957,30.54,273.1099854,-1151085531,167683235,-13039900732,0.188
20180706,10608.57031,30.5,275.4200134,1570964058,-237726580,-6638763288,0.186
20180709,10720.28027,30.386,277.8999939,125412634,759865480,12995457026,0.189
20180710,10756.88965,30.403,278.8999939,800852623,1183675800,6535837949,0.186
20180711,10676.83984,30.481,276.8599854,-1344147728,643657550,-17150870440,0.187
20180712,10738.37988,30.542,279.3699951,1790333957,6974197,3346848304,0.191
20180713,10864.54004,30.556,279.5899963,1005449166,1229075015,5303567443,0.188
20180716,10817.4502,30.575,279.3399963,-1764076891,1038544598,-8363755269,0.188
20180717,10778.99023,30.516,280.4700012,-1257354707,-148040399,1118683760,0.189
20180718,10842.45996,30.582,281.0599976,-28085652,-428111320,17315983310,0.188
20180719,10835.37988,30.632,280,-196489429,641461355,1261605834,0.191
20180720,10932.11035,30.716,279.6799927,-477961241,1022740921,16057675576,0.187
20180723,10946.88965,30.645,280.2000122,77611195,-376768774,13131776771,0.186
20180724,10995.38965,30.72,281.6099854,3989429295,462556905,4986134990,0.186
20180725,10965.79004,30.632,284.0100098,657990332,146862927,-1997278579,0.189
20180726,11010.61035,30.573,283.3399963,-975288692,101565361,4859913785,0.187
20180727,11075.78027,30.592,281.4200134,474432367,413906927,14895210014,0.188
20180730,11033.54004,30.609,279.9500122,-2649837503,-396668800,-1357197469,0.188
20180731,11057.50977,30.614,281.3299866,30306338,-1564347085,-1563620081,0.184
20180801,11098.12988,30.616,280.8599854,604307766,941677404,3941716908,0.18
20180802,10929.76953,30.682,282.3900146,-4376107059,-631911385,-16786285522,0.177
20180803,11012.42969,30.706,283.6000061,359181800,-326345124,3300400718,0.178
20180806,11024.09961,30.63,284.6400146,-271815887,755012174,-2810405845,0.178
20180807,10983.44043,30.621,285.5799866,207567932,-261711135,-4080327113,0.177
20180808,11075.25,30.616,285.4599915,-644911409,399562592,17973758643,0.179
20180809,11028.07031,30.626,285.0700073,-65366854,-117784959,-1515883043,0.176
20180810,10983.67969,30.708,283.1600037,-1792246052,515104511,-6518641031,0.177
20180813,10748.91992,30.812,282.1000061,-3923117567,-62612374,-9713996675,0.18
20180814,10824.23047,30.807,283.8999939,-420984768,-205448215,-1501803567,0.179
20180815,10716.75,30.858,281.7799988,-3987721514,291450844,-10428042776,0.181
20180816,10683.90039,30.845,284.0599976,-721199180,461891744,-236670484,0.18
20180817,10690.95996,30.802,285.0599976,-2994694845,816391977,-14092199134,0.177
20180820,10699.04981,30.76,285.6700134,-1771398500,431206931,6148662257,0.177
20180821,10792.2002,30.73,286.3399963,1904733503,687940257,14854661690,0.177
20180822,10804.2002,30.73,286.1700134,-2016617750,1272844482,-4021398026,0.179
20180823,10863.12988,30.79,285.7900085,-1024814574,228100363,5689586359,0.177
20180824,10809.34961,30.783,287.5100098,-1050657628,369125225,-5230487725,0.176
20180827,10902.20996,30.772,289.7799988,1474277322,359035780,20381909004,0.177
20180828,10989.54981,30.724,289.9200134,102781743,1235387534,17551003871,0.178
20180829,11099.57031,30.706,291.480011,-1704474553,1257281050,26433085107,0.178
20180830,11093.75,30.711,290.2999878,-1522119835,864317750,4838073191,0.179
20180831,11063.94043,30.731,290.3099976,118987437,-56682096,6790508925,0.18
20180903,10964.21973,30.712,0,-2247435390,-465518253,-6881924985,0.175
20180904,11021.37988,30.766,289.8099976,875723050,-1000523287,7112728319,0.173
20180905,10995.12988,30.806,289.0299988,-1454706866,572099766,-6804232504,0.173
20180906,10924.29981,30.802,288.1600037,-2617453248,-897014633,-4120341715,0.176
20180907,10846.99023,30.776,287.6000061,-2225057099,-1499479039,-1669325154,0.175
20180910,10725.79981,30.83,288.1000061,-1017973124,-676089912,6305882972,0.173
20180911,10752.29981,30.814,289.0499878,6390486,-291666681,2071403481,0.174
20180912,10722.57031,30.825,289.1199951,-27519739,2701650,-684290915,0.176
20180913,10727.23047,30.805,290.8299866,68753039,-211127010,3069588023,0.18
20180914,10868.13965,30.76,290.8800049,2011735233,1246569615,22364202902,0.176
20180917,10828.61035,30.805,289.3399963,-78572764,1448597858,-949300850,0.176
20180918,10760.20996,30.813,290.9100037,-718017289,-91962299,2722587076,0.174
20180919,10857.26953,30.793,291.2200012,2393710800,87850147,23762312745,0.177
20180920,10831.41016,30.795,293.5799866,-1120361903,269931786,8569882303,0.179
20180921,10972.41016,30.716,291.9899902,1676785743,256144297,29243688854,0.181
20180925,10978.84961,30.675,290.75,1140617386,558821927,11242712293,0.181
20180926,10974.19043,30.697,289.8800049,1519034088,-244576957,2727015461,0.181
20180927,11034.19043,30.602,290.6900024,-1118809795,-116688236,24588394587,0.187
20180928,11006.33984,30.551,290.7200012,1182746913,178190144,6513315775,0.187
20181001,11051.79981,30.556,291.730011,444727472,-488881596,4909551168,0.18
20181002,10919.62988,30.668,291.5599976,-1418420940,-63239381,-26017397449,0.179
20181003,10863.94043,30.67,291.7200012,-1220782577,-1335349499,-1893679136,0.183
20181004,10718.91016,30.792,289.4400024,-779218514,-813096786,-27579132912,0.182
20181005,10517.12012,30.84,287.8200073,-560055371,-1307830173,-15568832116,0.186
20181008,10455.92969,30.926,287.8200073,1038311002,-543464044,-21764305930,0.186
20181009,10466.83008,30.968,287.3999939,13999253,267232667,-11161688680,0.188
20181011,9806.110352,31.105,272.1700134,-565476642,562896684,-60415908798,0.188
20181012,10045.80957,30.91,275.9500122,1801053152,-482831638,-6863081236,0.189
20181015,9901.120117,30.94,274.3999939,-623606460,-107706688,-39839634038,0.187
20181016,9981.099609,30.92,280.3999939,-1044101205,-392939515,-20638950486,0.187
20181017,9979.139648,30.85,280.4500122,-2149729043,803784182,-12501919293,0.187
20181018,9953.730469,30.975,276.3999939,-2321405434,-465238109,-9830726499,0.183
20181019,9919.259766,30.976,276.25,83792303,-471263622,-6897539871,0.18
20181022,9974.280273,30.92,275.0100098,2955541646,-119211834,2913952296,0.18
20181023,9775.200195,30.985,273.6099854,-2412528202,-736554533,-29562132621,0.184
20181024,9759.400391,30.947,265.3200073,-759543299,-735878305,-14215516068,0.181
20181025,9520.790039,30.996,270.0799866,-732738953,-1369584194,-20832285565,0.177
20181026,9489.179688,31.006,265.3299866,-990410784,63904739,-5564292501,0.179
20181029,9516.320313,30.996,263.8599854,-2811937560,-534524366,-3112459734,0.179
20181030,9526.110352,30.985,267.769989,-498179670,-13382187,1682042903,0.18
20181031,9802.129883,30.968,270.6300049,294434675,564962773,18938708590,0.179
20181101,9844.740234,30.926,273.5100098,1120842202,209377670,9513959806,0.177
20181102,9906.589844,30.738,271.8900146,-124077831,-238302489,10734162012,0.174
20181105,9889.80957,30.771,273.3900146,-1714003326,-528058600,-230365936,0.179
20181106,9824.950195,30.782,275.1199951,-2101086650,-460328518,-11411596092,0.175
20181107,9908.349609,30.76,281.0100098,187458308,745590447,12477231919,0.176
20181108,9945.30957,30.702,280.5,-1139455142,607514521,5562966951,0.176
20181109,9830.009766,30.812,277.7600098,-2346297440,-227370275,-16244089849,0.174
20181112,9831.209961,30.888,272.5700073,-1016492654,-189999913,917905079,0.177
20181113,9775.839844,30.902,272.0599976,533016121,-315616685,4650070458,0.179
20181114,9791.879883,30.932,270.2000122,-1046870047,230536520,-2532956299,0.179
20181115,9826.459961,30.845,273.019989,-500292080,-182762803,3782610967,0.181
20181116,9797.089844,30.888,273.730011,667479531,515223544,-102785413,0.177
20181119,9828.69043,30.906,269.1000061,720144322,234941328,8995723836,0.173
20181120,9743.990234,30.908,264.1199951,-788219732,106018454,-14740813224,0.175
20181121,9741.519531,30.908,265.019989,1189615814,-109464602,2057814998,0.177
20181122,9714.709961,30.894,0,-2339860666,-88203350,-6269517036,0.18
20181123,9667.299805,30.902,263.25,-1932539963,-180819420,-1861222979,0.183
20181126,9765.360352,30.886,267.5,-575090269,-52480057,9634286214,0.18
20181127,9778.620117,30.9,268.3999939,17154662,-279652815,-8813464157,0.185
20181128,9884.30957,30.91,274.5799866,2714770517,474500935,8972921686,0.185
20181129,9885.360352,30.84,273.980011,-1350778197,559858259,-4041505890,0.187
20181130,9888.030273,30.85,275.6499939,703268858,304917236,1712972900,0.186
20181203,10137.87012,30.752,279.2999878,2691631557,915951490,14988742517,0.184
20181204,10083.54004,30.705,270.25,-877364521,773679488,-7560690379,0.181
20181205,9916.740234,30.806,0,-1241428851,-1320048278,-20932674651,0.185
20181206,9684.719727,30.857,269.8399963,-2883529758,-501046862,-44887829638,0.186
20181207,9760.879883,30.841,263.5700073,220738857,160713950,-9894467459,0.188
20181210,9647.540039,30.877,264.0700073,-1464754850,-1008479884,-20580819596,0.186
20181211,9707.040039,30.894,264.1300049,197339940,215432310,-9799155308,0.185
20181212,9816.450195,30.881,265.4599915,405524128,-237415897,-3904730657,0.187
20181213,9858.759766,30.85,265.3699951,786972020,188689777,7247254979,0.184
20181214,9774.160156,30.867,260.4700012,-1043203461,-672519546,-15314124991,0.187
20181217,9787.530273,30.87,255.3600006,-1231809233,-862402878,-2427322443,0.184
20181218,9718.820313,30.87,255.0800018,-2415993067,-132672560,-13867759981,0.18
20181219,9783.209961,30.813,251.2599945,-1246463994,-136282390,3206892722,0.177
20181220,9674.519531,30.843,247.1699982,-3819740368,175707237,-16695140595,0.18
20181221,9676.669922,30.8,240.6999969,-1553256125,145564007,-8868652590,0.18
20181222,0,30.824,0,-799522790,180660040,-2787296784,0.181
20181224,9639.700195,30.838,234.3399963,-484542030,397182880,-5268699376,0.177
20181225,9527.089844,30.81,0,-1744637066,-461253220,-12146647174,0.174
20181226,9478.990234,30.815,246.1799927,-1304910789,432799098,-5955285157,0.177
20181227,9641.55957,30.802,248.0700073,422291581,715135117,16387932074,0.18
20181228,9727.410156,30.733,247.75,-34006090,533161950,7265110444,0.183
20190102,9554.139648,30.794,249.9199982,-432578397,-47841420,-19531481865,0.177
20190103,9492.419922,30.886,250.1799927,3317533990,-676229506,-15112202554,0.175
20190104,9382.509766,30.863,244.2100067,4734118520,-1010008792,-14849221752,0.175
20190107,9590.299805,30.812,252.3899994,1526049877,927803271,18921333374,0.175
20190108,9563.599609,30.836,254.3800049,521264599,309232983,-1076573448,0.177
20190109,9738.30957,30.801,256.769989,4367378084,677467536,29263973762,0.18
20190110,9720.69043,30.782,257.9700012,426483376,196797004,-866719684,0.177
20190111,9759.400391,30.802,258.8800049,62979375,330073506,12134181845,0.18
20190114,9708.219727,30.851,258.980011,-43674558,172637397,-8283827553,0.178
20190115,9806.040039,30.82,257.3999939,1593938583,374210075,20186309882,0.181
20190116,9763.80957,30.831,260.3500061,1856596053,457295134,-428839469,0.177
20190117,9789.150391,30.852,260.980011,415080002,-219050160,2562193204,0.182
20190118,9836.05957,30.842,262.9599915,1936877396,750001648,12718611894,0.187
20190121,9889.400391,30.851,266.4599915,1177553570,-1164136677,10807646409,0.179
20190122,9894.660156,30.896,262.8599854,-1507581597,-68624098,675469059,0.18
20190123,9846.400391,30.892,263.4100037,-1040330076,370466001,999182407,0.182
20190124,9877.120117,30.885,263.5499878,209894020,68228924,4512041574,0.183
20190125,9969.610352,30.825,265.7799988,2749898041,713322376,35059060179,0.181
20190128,10013.33008,30.79,263.7600098,-626009042,405230710,11918191624,0.18
20190129,9931.589844,30.811,263.4100037,-822233551,-457269813,-4789252094,0.18
20190130,9932.259766,30.776,267.5799866,402553549,243960325,2273267078,0.181
20190211,10004.25,30.74,270.6199951,1921106671,-186410340,27832205581,0.178
20190212,10097.74023,30.745,274.1000061,2160478211,-7173776,20596783713,0.179
20190213,10090.58008,30.831,274.9899902,969179849,-347195143,7409417552,0.181
20190214,10089.00977,30.833,274.3800049,2153487861,210448920,658700903,0.178
20190215,10064.78027,30.85,277.3699951,-736514536,-177568704,-11376333206,0.181
20190218,10145.28027,30.843,0,1457324730,64701744,11474744800,0.179
20190219,10152.25977,30.846,277.8500061,1830095263,534301822,5273408627,0.176
20190220,10272.45996,30.824,278.4100037,818849687,-78177453,22427802962,0.181
20190221,10319.53027,30.83,277.4200134,737700119,-349926260,10084008205,0.176
20190222,10322.91992,30.822,279.1400146,-718817331,-285294097,1554952548,0.177
20190225,10390.92969,30.793,279.519989,3054503298,506451083,28330779317,0.179
20190226,10391.54981,30.783,279.3200073,-433577842,-352567923,8876438641,0.18
20190227,10389.16992,30.775,279.2000122,-1330088417,-1411648610,6306565603,0.183
20190304,10349.87988,30.83,279.3999939,2185313516,-461925292,744517786,0.179
20190305,10305.25977,30.847,279.019989,-1434674966,-351216326,-15840939184,0.177
20190306,10357.15039,30.852,277.3299866,-683741733,-474132720,3870573301,0.174
20190307,10311.67969,30.869,275.0100098,-1601119040,-69450169,-8173215917,0.174
20190308,10241.75,30.902,274.4599915,-399073402,-422987131,-22892889943,0.181
20190311,10250.28027,30.91,278.4400024,725697448,150861180,-19837500952,0.175
20190312,10343.33008,30.905,279.4899902,825174494,779224430,7759774080,0.175
20190313,10373.32031,30.91,281.3399963,245839589,238620784,5121337993,0.175
20190314,10348.65039,30.901,281.1600037,969127933,253587913,-3224414106,0.178
20190315,10439.24023,30.888,281.3099976,1418716607,514122234,13059449121,0.176
20190318,10512.7002,30.832,282.3299866,1850502611,138872439,12493052728,0.175
20190319,10512.32031,30.838,282.3999939,645255756,147771270,343801016,0.175
20190320,10551.55957,30.833,281.5499878,-455376605,273138541,11008689436,0.176
20190321,10609.54981,30.816,284.730011,379263025,-380653500,19816154459,0.178
20190322,10639.07031,30.806,279.25,-569797431,670184473,5796746254,0.183
20190325,10479.48047,30.83,279.0400085,-1687637881,-497201284,-12550780405,0.186
20190326,10559.2002,30.835,281.1199951,-1644388729,-188435374,-2168398025,0.182
20190327,10542.7002,30.856,279.6499939,572723802,293759630,-3150300778,0.182
20190328,10536.25977,30.856,280.7099915,-837437149,-365690353,-1109064364,0.182
20190329,10641.04004,30.825,282.480011,4236841114,201291118,17493547590,0.179
20190401,10642.62988,30.801,285.8299866,4326682336,976774867,23572360419,0.179
20190402,10690.29981,30.843,285.9700012,1265423875,88600012,17358099979,0.183
20190403,10704.37988,30.817,286.4200134,1616082587,-351624979,6933479818,0.187
20190408,10800.57031,30.845,288.7900085,4100896716,48036125,17743831833,0.187
20190409,10851.59961,30.841,287.3099976,3114611673,-143447394,13296839849,0.183
20190410,10868.13965,30.845,288.2900085,3827306096,-312875940,3099636462,0.189
20190411,10808.76953,30.866,288.2099915,-1727319847,-192091196,-12546576507,0.186
20190412,10805.29981,30.88,290.1600037,-1296619652,-312838511,1511058959,0.192
20190415,10875.59961,30.866,289.9700012,2193868028,387326206,12355547624,0.191
20190416,10927.84961,30.874,290.1600037,2164286145,-290310370,13226449813,0.188
20190417,10997.25977,30.848,289.4500122,1759889512,13604421,20622004777,0.192
20190418,10962.01953,30.841,290.019989,-1977257872,-227014575,1629915333,0.194
20190419,10968.5,30.842,0,-70476712,-789674774,17820204256,0.192
20190422,10987.70996,30.856,290.269989,-473661475,-294042902,-2660573631,0.192
20190423,11025.67969,30.858,292.8800049,-148781059,-961035721,5740953990,0.187
20190424,11027.63965,30.875,292.230011,-1282426756,280682475,-3482267817,0.19
20190425,11039.86035,30.905,292.0499878,199383804,-197554868,1513650114,0.191
20190426,10952.46973,30.907,293.4100037,-672693879,-678414454,-14303786907,0.191
20190429,10939.05957,30.897,293.8699951,-185031970,-1328007872,-2281711854,0.194
20190430,10967.73047,30.905,294.019989,482158495,16586189,708144870,0.195
20190502,11004.49023,30.905,291.1799927,286474841,-42868930,10836577281,0.19
20190503,11096.29981,30.907,294.0299988,1945320552,670592819,10919171813,0.19
20190506,10897.12012,30.925,292.8200073,202284774,-607779285,-28318889609,0.189
20190507,10987.13965,30.911,287.9299927,-366618091,442342162,396222079,0.187
20190508,10923.70996,30.92,287.5299988,1981918631,-515787400,-11003277587,0.184
20190509,10733.66992,30.956,286.6600037,-1422019150,-286574050,-38803040088,0.182
20190510,10712.99023,30.958,288.1000061,479960629,-1168047701,-8730139706,0.186
20190513,10558.29004,31.082,280.8599854,1176068451,-758977770,-7727309821,0.183
20190514,10519.25,31.128,283.3999939,5841774360,-634069036,-13466841112,0.185
20190515,10560.70996,31.11,285.0599976,137841456,435983010,-26705659174,0.185
20190516,10474.61035,31.165,287.7000122,-1750353466,242524445,-29025869829,0.185
20190517,10384.11035,31.297,285.8399963,-2055675691,-561082416,-23508600353,0.183
20190520,10398.41016,31.385,283.9500122,1317080187,-91897072,-7780921581,0.178
20190521,10464.5,31.46,286.5100098,3218914362,437580460,-10700864432,0.18
20190522,10457.21973,31.53,285.6300049,-431535916,794017050,-21880411234,0.175
20190523,10308.37012,31.547,282.1400146,-1404854576,-925665170,-24380085574,0.182
20190524,10328.28027,31.52,282.7799988,-438402392,404598251,-17096513773,0.177
20190527,10334.12988,31.45,0,-885905757,-267250599,-10517530934,0.184
20190528,10312.30957,31.484,280.1499939,1546799349,127029497,-9596656072,0.196
20190529,10301.78027,31.581,278.269989,339280677,-86985404,-11838607215,0.217
20190530,10382.99023,31.61,279.0299988,-434766498,397725365,-7484448157,0.207
20190531,10498.49023,31.612,275.269989,185060924,1100838230,5157545936,0.209
20190603,10500.07031,31.503,274.5700073,-400518895,-470794770,7642568007,0.188
20190604,10429.12012,31.48,280.5299988,-1294503941,75346470,-12909888823,0.188
20190605,10461.62012,31.39,282.9599915,-1545606118,212899189,-2381917775,0.185
20190606,10409.2002,31.402,284.7999878,-2183462766,-404646572,-7198294868,0.196
20190610,10566.46973,31.436,288.9700012,2777508064,635503010,20035203392,0.188
20190611,10607.75977,31.436,288.8999939,2915235588,1024279050,10902477050,0.195
20190612,10615.66016,31.43,288.3900146,-1377776624,399395812,-1278434390,0.199
20190613,10561.00977,31.512,289.5799866,-398022731,800199500,-14762254303,0.203
20190614,10524.66992,31.53,289.2600098,378950858,83716281,-5835785639,0.223
20190617,10530.54004,31.52,289.3699951,1090572827,-228360970,-7689804647,0.216
20190618,10566.74023,31.528,292.3999939,-458580861,-67059712,2549205657,0.213
20190619,10775.33984,31.35,293.0599976,8689284965,1001741322,45583528735,0.224
20190620,10785.00977,31.175,295.8599854,3616078589,582547830,18072745073,0.205
20190621,10803.76953,31.15,294,-1956909244,323556297,11380277303,0.205
20190624,10779.4502,31.11,293.6400146,-828139611,-185492708,9813013433,0.195
20190625,10706.71973,31.115,290.7600098,-459215047,287912130,-4169542117,0.196
20190626,10652.54981,31.14,290.4700012,-149226984,106116274,-1215664656,0.194
20190627,10773.90039,31.101,291.5,1246224593,840901724,30895025611,0.195
20190628,10730.83008,31.072,293,462944171,367402000,-5066019857,0.191
20190701,10895.45996,31.002,295.6600037,3250062043,2089516844,19801461221,0.193
20190702,10865.12012,31.052,296.4299927,1352153892,379616780,-8198038930,0.189
20190703,10743.76953,31.13,298.7999878,-560511919,-1072694800,-17691388555,0.189
20190704,10775.90039,31.102,0,-642082427,-412163806,-766513161,0.187
20190705,10785.73047,31.107,298.4599915,1173905805,-318385452,1275131017,0.186
20190708,10751.21973,31.196,296.8200073,-277674161,-658267432,-14896053987,0.183
20190709,10702.78027,31.181,297.1900024,-715203288,-441084137,-7635946199,0.184
20190710,10798.48047,31.16,298.6099854,3882661638,153912288,6337564536,0.183
20190711,10843.41992,31.026,299.3099976,-224829440,654797490,10159192456,0.186
20190712,10824.34961,31.081,300.6499939,875087433,536460241,264167620,0.188
20190715,10876.42969,31.052,300.75,433991203,830997378,2796063103,0.183
20190716,10886.04981,31.042,299.7799988,-609957070,-91752761,-1631042223,0.186
20190717,10828.48047,31.075,297.7399902,-2000841169,-210883660,-8133538985,0.184
20190718,10799.28027,31.077,298.8299866,-877261417,-73643814,-9414382155,0.185
20190719,10873.19043,31.05,297.1700134,-226026009,790671521,16882918674,0.184
20190722,10944.53027,31.083,297.8999939,140979651,799153962,10404279875,0.179
20190723,10947.25977,31.091,300.0299988,-1369962345,287288666,-1183990985,0.185
20190724,10935.75977,31.084,301.4400024,-1463755315,242298430,1178182033,0.181
20190725,10941.41016,31.085,300,-1455556236,-209163128,2766861678,0.183
20190726,10891.98047,31.09,302.0100098,-613023430,353205690,-10510188794,0.185
20190729,10885.73047,31.102,301.4599915,-890691115,403537140,-9275986857,0.184
20190730,10830.90039,31.075,300.7200012,193731837,-590438855,4822139402,0.184
20190731,10823.80957,31.096,297.4299927,-2589243220,352030140,-12233035994,0.182
20190801,10731.75,31.182,294.8399963,-95733750,602009280,-31276816194,0.185
20190802,10549.04004,31.376,292.6199951,-2097313012,-1222542953,-42507864841,0.178
20190805,10423.41016,31.628,283.8200073,448923866,-525736380,-31101387952,0.181
20190806,10394.75,31.51,287.7999878,3426932446,-748134420,-8921255816,0.184
20190807,10386.17969,31.487,287.9700012,-4470378894,494623238,-32630683914,0.179
20190808,10494.49023,31.363,293.6199951,485207496,976051069,5048203391,0.181
20190812,10472.36035,31.4,288.0700073,122084032,414842318,-6794556820,0.182
20190813,10362.66016,31.506,292.5499878,-672508856,235084467,-15602785401,0.181
20190814,10427.73047,31.402,283.8999939,328934553,1231866370,-3694691017,0.177
20190815,10327.12988,31.405,284.6499939,-115701059,303469790,-12103488391,0.182
20190816,10420.88965,31.366,288.8500061,277609007,-113149813,-20496523578,0.183
20190819,10488.75,31.352,292.3299866,346409362,693234510,-6366233380,0.177
20190820,10522.5,31.405,290.0899963,425802196,105310900,-6153450414,0.178
20190821,10525.79981,31.366,292.4500122,-1778087178,77245240,-6023373500,0.181
20190822,10529.78027,31.384,292.3599854,-484766393,1846299687,-5018017444,0.18
20190823,10538.11035,31.402,284.8500061,2940619571,-204309340,1134580287,0.181
20190826,10354.57031,31.451,288,-1315152434,-546233136,-30665733704,0.179
20190827,10387.23047,31.415,286.8699951,63253573,718368226,-16181640037,0.18
20190828,10434.29004,31.42,288.8900146,-776395611,375899128,2161780219,0.176
20190829,10462.42969,31.442,292.5799866,416175886,346355281,-2999415095,0.184
20190830,10618.04981,31.41,292.4500122,1908656413,237367875,32366743714,0.176
20190902,10634.84961,31.402,0,1659248926,262651741,9689110189,0.175
20190903,10558.20996,31.432,290.7399902,444494495,-305849830,-14242606997,0.171
20190904,10657.30957,31.365,294.0400085,2848724316,-189157500,13409204032,0.173
20190905,10756.92969,31.28,297.8200073,3164526474,1375860572,42152440022,0.175
20190906,10780.63965,31.257,298.0499878,-1256738721,77657353,17347846312,0.179
20190909,0,31.25,298.2000122,-1627746872,-256558785,6676768957,0.184
20190910,10753.58008,31.23,298.1300049,-553303702,-629807401,3361129799,0.183
20190911,10790.34961,31.22,300.25,-2558200250,521739883,10802990369,0.178
20190912,10827.54981,31.055,301.2900085,-716035801,493363371,12609596022,0.177
20190916,10898.12988,31.002,300.1600037,-1953528212,598716619,17201030947,0.177
20190917,10874.5,31.035,300.9200134,-1578013279,128816605,9219888520,0.176
20190918,10929.4502,31,301.1000061,-4547886391,-66658641,31153695734,0.175
20190919,10894.7002,31.006,301.0799866,-1354541785,231693254,1005163537,0.178
20190920,10929.69043,30.98,298.2799988,-224990535,793780395,10311058012,0.175
20190923,10919.01953,31.057,298.2099915,-1890564097,-236553753,980049210,0.176
20190924,10918.00977,31.013,295.8699951,203557095,-908085183,3627947876,0.177
20190925,10873.69043,31.034,297.6199951,-2273176548,-41650515,-8553263607,0.182
20190926,10871.99023,31.04,297,-1377072941,363478167,-3078127160,0.18
20190927,10829.67969,31.042,295.3999939,-2957631210,-642754806,872171744,0.181
20191001,10967.65039,31.045,293.2399902,-1490707761,118782408,26536681293,0.187
20191002,10947.87988,31.063,288.0599976,-1705211304,739103121,1729758701,0.179
20191003,10875.91016,31.064,290.4200134,-2416509542,43598897,-19846502923,0.177
20191004,10894.48047,30.973,294.3500061,-2302312075,378742120,-3779349597,0.177
20191007,10935.05957,30.902,293.0799866,-988319115,686213421,4799634332,0.178
20191008,11017.30957,30.842,288.5299988,-478319818,-212865499,19603090377,0.176
20191009,10889.95996,30.85,291.269989,-4081646469,-994408377,-19470931798,0.199
20191014,11066.9502,30.62,295.9500122,4093625723,582839060,35081673523,0.176
20191015,11111.79981,30.686,298.8800049,-1184332821,284133441,8969016300,0.178
20191016,11162.83008,30.722,298.3999939,-3351710122,113711565,15277626451,0.177
20191017,11186.87988,30.681,299.2799988,668635990,151821663,19252590917,0.174
20191018,11180.21973,30.611,297.9700012,141551133,117957450,12499050981,0.172
20191021,11184.15039,30.592,299.9899902,322068043,39853607,9815230164,0.169
20191022,11271.25,30.594,299.0100098,-354885007,-421308335,26866241482,0.17
20191023,11239.66992,30.611,299.8800049,-1962532557,294313573,8234114488,0.17
20191024,11320.13965,30.586,300.3699951,1398143555,181994559,31131744900,0.171
20191025,11296.12012,30.594,301.6000061,264237392,-95387561,6761646355,0.177
20191028,11315.01953,30.572,303.2999878,1507222399,-370921488,15016815191,0.175
20191029,11333.87012,30.522,303.2099915,-1715723298,-509825768,10596801776,0.175
20191030,11380.28027,30.533,304.1400146,-1549873922,192366377,12649545215,0.182
20191031,11358.70996,30.462,303.3299866,-1627440701,7207258,12354041157,0.175
20191101,11399.53027,30.479,306.1400146,1423024834,-339191000,17646233500,0.177
20191104,11556.84961,30.405,307.3699951,3511290598,785116520,33190215770,0.176
20191105,11644.03027,30.371,307.0299988,3762366402,80744358,30156419290,0.173
20191106,11653.07031,30.4,307.1000061,-382236244,-626018326,12052854624,0.176
20191107,11606.55957,30.406,308.1799927,-801854587,-175932390,8979440689,0.177
20191108,11579.54004,30.412,308.9400024,434821007,439030752,3911766591,0.174
20191111,11427.28027,30.435,308.3500061,-2089831033,-423189962,5182840745,0.177
20191112,11520.37012,30.422,309,325792974,-149705417,9549992441,0.177
20191113,11467.83008,30.503,309.1000061,1262854510,-329287865,-11592914137,0.177
20191114,11450.41992,30.582,309.5499878,-749943946,349467800,8076808444,0.178
20191115,11525.59961,30.538,311.7900085,428490699,292718025,9238988112,0.177
20191118,11599.78027,30.501,312.019989,-109913523,1196332224,6971561903,0.177
20191119,11656.40039,30.509,311.9299927,914245439,362072859,23310967542,0.176
20191120,11631.2002,30.5,310.769989,-3697987111,81048071,-1590008934,0.174
20191121,11558.26953,30.524,310.269989,-1611480293,498452243,-20782893000,0.172
20191122,11566.79981,30.517,310.9599915,-440924660,-449074708,-1187930720,0.172
20191125,11561.58008,30.507,313.3699951,-205545863,-215315815,2547144170,0.174
20191126,11576.82031,30.512,314.0799866,345960149,152812190,1246164325,0.177
20191127,11647.45996,30.515,315.480011,1516631280,704656900,7250268314,0.176
20191128,11617.08008,30.505,0,-1297578480,-264731867,1325922359,0.181
20191129,11489.57031,30.513,314.3099976,-3330640233,-324880034,-28844075541,0.185
20191202,11502.83008,30.509,311.6400146,-2102421011,-321534999,4491456506,0.178
20191203,11531.58008,30.507,309.5499878,1852137740,146903812,11145265488,0.168
20191204,11510.46973,30.508,311.4599915,-172319157,394847723,-5112765864,0.173
20191205,11594.65039,30.5,312.019989,1984936509,562855420,14893517649,0.174
20191206,11609.63965,30.5,314.8699951,631977090,-56482018,8365271486,0.176
20191209,11660.76953,30.502,313.8800049,2173428284,-203865891,10360270403,0.176
20191210,11627.83984,30.503,313.5299988,315456663,-151113250,-5300636787,0.175
20191211,11700.76953,30.505,314.4200134,342262476,493742195,8945346269,0.18
20191212,11836.41992,30.406,317.1300049,229825499,-280933008,18817369703,0.178
20191213,11927.73047,30.317,317.3200073,-155655579,-75824852,31656492307,0.183
20191216,11939.76953,30.263,319.5,2564212201,105018566,6875289343,0.18
20191217,12097.00977,30.21,319.5700073,2476091098,180148563,24415448611,0.176
20191218,12122.4502,30.233,319.5899963,288749560,-975691800,9910053628,0.179
20191219,12018.90039,30.208,320.8999939,662530577,-956657532,-14387243623,0.178
20191220,11959.08008,30.21,320.730011,1819434579,-545530603,-7744044062,0.18
20191223,12022.23047,30.215,321.2200012,-361155589,46459210,3301764355,0.179
20191224,11976.37988,30.205,321.230011,-67438646,-740541582,606689902,0.178
20191225,12008.12988,30.203,0,2167130939,363148263,3787064648,0.181
20191226,12001.00977,30.201,322.9400024,-620763540,-921246635,-1373536231,0.179
20191227,12091.58984,30.203,322.8599854,1996420103,-335758050,17659358359,0.176
20191230,12053.37012,30.135,321.0799866,441632666,-325783745,-2795554233,0.175
20191231,11997.13965,30.106,321.8599854,-260519107,91580756,-19029707325,0.178
20200102,12100.48047,30.114,324.8699951,3771889743,-77617601,-3165467328,0.175
20200103,12110.42969,30.105,322.4100037,-1004928062,182212895,-1094447441,0.175
20200106,11953.36035,30.11,323.6400146,-300563362,-1785310923,-21587693685,0.176
20200107,11880.32031,30.082,322.730011,-1940075035,-1219425340,-22801266595,0.175
20200108,11817.09961,30.087,324.4500122,-823788307,399377560,-2889182103,0.179
20200109,11970.62988,30.008,326.6499939,42380408,1470471663,12355076049,0.181
20200110,12024.65039,30.019,325.7099915,-2018592319,106762668,11883435841,0.179
20200113,12113.41992,29.952,327.9500122,678282904,963532912,23099491432,0.176
20200114,12179.80957,29.942,327.4500122,584395575,662910768,9449952905,0.171
20200115,12091.87988,29.95,328.1900024,-3229423786,-117479467,-21140747221,0.175
20200116,12066.92969,29.955,330.9200134,701725067,294411420,-8241369145,0.178
20200117,12090.29004,29.96,331.9500122,-152695112,-310620459,-4616492789,0.18
20200120,12118.70996,29.96,0,1205358524,-249146776,11914138312,0.189
20200130,11421.74023,30.277,327.6799927,-5812861883,-2840881629,-44857139266,0.186
20200131,11495.09961,30.25,321.730011,-5258331486,-1103130000,-40752326640,0.183
20200203,11354.91992,30.332,324.1199951,-1410356368,525505733,1546612059,0.171
20200204,11555.91992,30.207,329.0599976,-2830721124,116470317,-10774321061,0.175
20200205,11573.62012,30.152,332.8599854,-4264344387,-79984070,-5422087799,0.18
20200206,11749.67969,30.082,333.980011,9236533,-752585160,9674477227,0.176
20200207,11612.80957,30.126,332.2000122,-2711855897,-1989532334,-22283566639,0.176
20200210,11574.07031,30.102,334.6799927,968489081,-1270682111,-9379742482,0.174
20200211,11664.04004,30.068,335.2600098,1294215566,724760027,650240211,0.177
20200212,11774.19043,30.032,337.4200134,-151835030,472649420,12799201980,0.175
20200213,11791.78027,30.037,337.0599976,-2444476553,-414920060,1063604873,0.175
20200214,11815.7002,30.051,337.6000061,1182783314,-350871920,4221283642,0.172
20200217,11763.50977,30.056,0,786328835,-1421051914,-9053832013,0.171
20200218,11648.98047,30.125,336.730011,-1097668285,-391502140,-43913835843,0.176
20200219,11758.83984,30.152,338.3399963,2585602332,-847376792,9348049534,0.181
20200220,11725.08984,30.254,336.9500122,1382655298,-207214840,-15371214792,0.175
20200221,11686.34961,30.403,333.480011,-821813214,-124899544,-7845415674,0.171
20200224,11534.87012,30.472,322.4200134,-1482816182,279135937,-53882469267,0.173
20200225,11540.23047,30.402,312.6499939,603084609,-455995034,-23194276279,0.188
20200226,11433.62012,30.383,311.5,-1656336139,720117836,-67339223195,0.19
20200227,11292.16992,30.33,297.5100098,-5935466268,-999716430,-53385058054,0.186
20200302,11170.45996,30.124,309.0899963,1165393193,170666598,-38060945699,0.175
20200303,11327.71973,30.087,300.2399902,-2115639656,843227200,-28346932554,0.171
20200304,11392.34961,30.038,312.8599854,-3566231187,126099110,9115323997,0.177
20200305,11514.82031,29.96,302.4599915,772169418,1395287040,4098812186,0.177
20200306,11321.80957,30.04,297.4599915,-4228539036,783487715,-61091415299,0.176
20200309,10977.63965,30.13,274.230011,-6399095572,829926320,-1.15E+11,0.177
20200310,11003.54004,30.036,288.4200134,747882065,-201393939,-16692609136,0.177
20200311,10893.75,30.095,274.3599854,-8464535878,873905460,-49907625110,0.18
20200312,10422.32031,30.15,248.1100006,-6316314352,-2018701667,-81979649823,0.178
20200313,10128.87012,30.21,269.3200073,2365761431,-1436812913,-59535680114,0.177
20200316,9717.769531,30.22,239.8500061,-3999750356,-62952488,-70771171574,0.179
20200317,9439.629883,30.25,252.8000031,1640994919,-615318717,-45063853370,0.171
20200318,9218.669922,30.276,240,-3622866935,468579711,-60576631812,0.174
20200319,8681.339844,30.506,240.5099945,-1788540602,-700346845,-44931119467,0.168
20200320,9234.089844,30.302,228.8000031,-2693514269,663242104,-45843558853,0.116
20200323,8890.030273,30.405,222.9499969,-5038629617,-102120834,-36824356443,0.099
20200324,9285.620117,30.316,243.1499939,-2139610626,29031248,8405703378,0.092
20200325,9644.75,30.325,246.7899933,-2140303205,1337776980,-5429052785,0.093
20200326,9736.360352,30.306,261.2000122,-1314843941,507368461,16395331006,0.082
20200327,9698.919922,30.236,253.4199982,-4048622348,900129414,-22583052354,0.084
20200330,9629.429688,30.25,261.6499939,-2634413454,-227122005,-12563210343,0.089
20200331,9708.05957,30.254,257.75,-2480582345,1661556282,-12443228845,0
20200401,9663.629883,30.308,246.1499939,-1980885775,2185973400,-9209877867,0.079
20200406,9818.740234,30.231,264.8599854,994552328,595395460,5874564426,0.079
20200407,9996.389648,30.152,265.1300049,981845564,1936027200,9735396868,0.079
20200408,10137.46973,30.16,274.0299988,-692725379,1792096310,1558795727,0.078
20200409,10119.42969,30.152,278.2000122,-2470078243,376073342,-16472778169,0.074
20200410,10157.61035,30.103,0,-965239250,311194496,-722537048,0.092
20200413,10099.21973,30.12,275.6600037,-3209611992,1237152119,-17149976121,0.077
20200414,10332.94043,30.071,283.7900085,1523271727,1910070904,33677380939,0.077
20200415,10447.20996,30.031,277.7600098,-1858559164,2635514867,-6591596987,0.077
20200416,10375.48047,30.12,279.1000061,-1193569215,938911694,-25165806145,0.078
20200417,10597.04004,30.102,286.6400146,702263479,2485663530,43976683833,0.083
20200420,10586.70996,30.072,281.5899963,-666548779,-54516763,307643240,0.075
20200421,10288.41992,30.102,273.0400085,-4063864025,-897041750,-53453631527,0.081
20200422,10307.74023,30.1,279.1000061,-839470676,-55158678,-7794112934,0.077
20200423,10366.50977,30.072,279.0799866,-765465303,1403800504,-6982533559,0.08
20200424,10347.36035,30.08,282.9700012,-406103489,645112827,-11118322888,0.083
20200427,10567.26953,30.025,287.0499878,3507750284,882314270,38157168478,0.078
20200428,10616.05957,30.036,285.730011,1977842207,2084579030,747102353,0.074
20200429,10772.21973,29.951,293.2099915,-1780051724,1100309548,35373904762,0.076
20200430,10992.13965,29.802,290.480011,2588805586,2678059740,42450064668,0.083
20200504,10720.48047,29.9,283.5700073,-5750432355,53560451,-79625175652,0.072
20200505,10774.61035,29.88,286.1900024,-1853854975,-48493288,-26676965503,0.075
20200506,10774.98047,29.91,284.25,-3632855235,529536765,-13669413168,0.073
20200507,10842.91992,29.95,287.6799927,140742326,941311334,-2543646722,0.074
20200508,10901.41992,29.902,292.4400024,1144086373,504604310,-6562551491,0.082
20200511,11013.25977,29.861,292.5,-287962740,770894500,6108555158,0.078
20200512,10879.46973,29.92,286.6700134,-1048014964,401774018,-50832067508,0.077
20200513,10938.26953,29.906,281.6000061,479651225,855875950,-8184341091,0.08
20200514,10780.87988,29.948,284.9700012,-3519481520,288510640,-40969711038,0.081
20200515,10814.91992,29.95,286.2799988,-1100865369,-219455350,-5162113585,0.079
20200518,10740.54981,29.98,295,-231710359,-812415508,-32845047363,0.079
20200519,10860.44043,29.95,291.9700012,1255242283,1006378700,11560975377,0.078
20200520,10907.79981,29.96,296.9299927,984592652,1060776860,10824179522,0.077
20200521,11008.30957,29.95,294.8800049,1626175415,1345595756,4929692845,0.081
20200522,10811.15039,30.009,295.4400024,-2175966700,-327521893,-60674652663,0.082
20200525,10871.17969,30.076,0,1866511542,-242378553,-7512055995,0.078
20200526,10997.20996,29.988,299.0799866,1511490458,1263035370,31114295228,0.081
20200527,11014.66016,30.03,303.5299988,-10198903,920590840,1574815701,0.08
20200528,10944.19043,30.045,302.9700012,970263924,645580769,-12892855183,0.08
20200529,10942.16016,30.032,304.3200073,1566846727,200633936,-20322877185,0.084
20200601,11079.01953,29.952,305.5499878,4424264334,1072464550,36354449716,0.079